time_date,request_count
1995-08-28 00:00:00,633
1995-08-28 00:05:00,860
1995-08-28 00:10:00,773
1995-08-28 00:15:00,770
1995-08-28 00:20:00,664
1995-08-28 00:25:00,601
1995-08-28 00:30:00,458
1995-08-28 00:35:00,658
1995-08-28 00:40:00,821
1995-08-28 00:45:00,746
1995-08-28 00:50:00,745
1995-08-28 00:55:00,749
1995-08-28 01:00:00,496
1995-08-28 01:05:00,510
1995-08-28 01:10:00,489
1995-08-28 01:15:00,547
1995-08-28 01:20:00,560
1995-08-28 01:25:00,485
1995-08-28 01:30:00,526
1995-08-28 01:35:00,674
1995-08-28 01:40:00,583
1995-08-28 01:45:00,395
1995-08-28 01:50:00,519
1995-08-28 01:55:00,529
1995-08-28 02:00:00,597
1995-08-28 02:05:00,628
1995-08-28 02:10:00,514
1995-08-28 02:15:00,495
1995-08-28 02:20:00,630
1995-08-28 02:25:00,422
1995-08-28 02:30:00,584
1995-08-28 02:35:00,486
1995-08-28 02:40:00,486
1995-08-28 02:45:00,580
1995-08-28 02:50:00,659
1995-08-28 02:55:00,403
1995-08-28 03:00:00,500
1995-08-28 03:05:00,433
1995-08-28 03:10:00,440
1995-08-28 03:15:00,572
1995-08-28 03:20:00,442
1995-08-28 03:25:00,409
1995-08-28 03:30:00,479
1995-08-28 03:35:00,516
1995-08-28 03:40:00,410
1995-08-28 03:45:00,556
1995-08-28 03:50:00,647
1995-08-28 03:55:00,386
1995-08-28 04:00:00,392
1995-08-28 04:05:00,500
1995-08-28 04:10:00,281
1995-08-28 04:15:00,327
1995-08-28 04:20:00,377
1995-08-28 04:25:00,534
1995-08-28 04:30:00,412
1995-08-28 04:35:00,302
1995-08-28 04:40:00,303
1995-08-28 04:45:00,426
1995-08-28 04:50:00,363
1995-08-28 04:55:00,418
1995-08-28 05:00:00,323
1995-08-28 05:05:00,368
1995-08-28 05:10:00,283
1995-08-28 05:15:00,366
1995-08-28 05:20:00,318
1995-08-28 05:25:00,362
1995-08-28 05:30:00,300
1995-08-28 05:35:00,374
1995-08-28 05:40:00,545
1995-08-28 05:45:00,526
1995-08-28 05:50:00,576
1995-08-28 05:55:00,437
1995-08-28 06:00:00,486
1995-08-28 06:05:00,365
1995-08-28 06:10:00,395
1995-08-28 06:15:00,383
1995-08-28 06:20:00,510
1995-08-28 06:25:00,406
1995-08-28 06:30:00,407
1995-08-28 06:35:00,380
1995-08-28 06:40:00,404
1995-08-28 06:45:00,392
1995-08-28 06:50:00,353
1995-08-28 06:55:00,406
1995-08-28 07:00:00,484
1995-08-28 07:05:00,490
1995-08-28 07:10:00,505
1995-08-28 07:15:00,423
1995-08-28 07:20:00,447
1995-08-28 07:25:00,399
1995-08-28 07:30:00,622
1995-08-28 07:35:00,613
1995-08-28 07:40:00,513
1995-08-28 07:45:00,509
1995-08-28 07:50:00,431
1995-08-28 07:55:00,528
1995-08-28 08:00:00,626
1995-08-28 08:05:00,624
1995-08-28 08:10:00,561
1995-08-28 08:15:00,595
1995-08-28 08:20:00,444
1995-08-28 08:25:00,528
1995-08-28 08:30:00,692
1995-08-28 08:35:00,817
1995-08-28 08:40:00,598
1995-08-28 08:45:00,592
1995-08-28 08:50:00,685
1995-08-28 08:55:00,762
1995-08-28 09:00:00,653
1995-08-28 09:05:00,898
1995-08-28 09:10:00,613
1995-08-28 09:15:00,701
1995-08-28 09:20:00,772
1995-08-28 09:25:00,693
1995-08-28 09:30:00,695
1995-08-28 09:35:00,836
1995-08-28 09:40:00,862
1995-08-28 09:45:00,773
1995-08-28 09:50:00,786
1995-08-28 09:55:00,942
1995-08-28 10:00:00,851
1995-08-28 10:05:00,773
1995-08-28 10:10:00,826
1995-08-28 10:15:00,1227
1995-08-28 10:20:00,1172
1995-08-28 10:25:00,936
1995-08-28 10:30:00,1094
1995-08-28 10:35:00,1003
1995-08-28 10:40:00,1218
1995-08-28 10:45:00,919
1995-08-28 10:50:00,1196
1995-08-28 10:55:00,838
1995-08-28 11:00:00,1007
1995-08-28 11:05:00,1383
1995-08-28 11:10:00,1181
1995-08-28 11:15:00,1208
1995-08-28 11:20:00,1287
1995-08-28 11:25:00,1031
1995-08-28 11:30:00,1065
1995-08-28 11:35:00,1200
1995-08-28 11:40:00,1009
1995-08-28 11:45:00,1226
1995-08-28 11:50:00,930
1995-08-28 11:55:00,1363
1995-08-28 12:00:00,935
1995-08-28 12:05:00,1236
1995-08-28 12:10:00,1289
1995-08-28 12:15:00,1338
1995-08-28 12:20:00,1008
1995-08-28 12:25:00,1257
1995-08-28 12:30:00,1088
1995-08-28 12:35:00,1330
1995-08-28 12:40:00,1210
1995-08-28 12:45:00,1123
1995-08-28 12:50:00,1474
1995-08-28 12:55:00,1209
1995-08-28 13:00:00,1246
1995-08-28 13:05:00,1116
1995-08-28 13:10:00,1514
1995-08-28 13:15:00,1225
1995-08-28 13:20:00,1292
1995-08-28 13:25:00,1359
1995-08-28 13:30:00,684
1995-08-28 13:35:00,1143
1995-08-28 13:40:00,986
1995-08-28 13:45:00,1251
1995-08-28 13:50:00,1194
1995-08-28 13:55:00,1269
1995-08-28 14:00:00,1515
1995-08-28 14:05:00,1227
1995-08-28 14:10:00,1253
1995-08-28 14:15:00,1075
1995-08-28 14:20:00,1131
1995-08-28 14:25:00,1530
1995-08-28 14:30:00,1358
1995-08-28 14:35:00,1304
1995-08-28 14:40:00,1355
1995-08-28 14:45:00,1248
1995-08-28 14:50:00,917
1995-08-28 14:55:00,904
1995-08-28 15:00:00,1423
1995-08-28 15:05:00,1573
1995-08-28 15:10:00,1490
1995-08-28 15:15:00,1284
1995-08-28 15:20:00,1133
1995-08-28 15:25:00,1397
1995-08-28 15:30:00,1301
1995-08-28 15:35:00,1658
1995-08-28 15:40:00,1369
1995-08-28 15:45:00,1455
1995-08-28 15:50:00,1426
1995-08-28 15:55:00,1362
1995-08-28 16:00:00,1133
1995-08-28 16:05:00,1095
1995-08-28 16:10:00,1893
1995-08-28 16:15:00,1522
1995-08-28 16:20:00,1707
1995-08-28 16:25:00,1291
1995-08-28 16:30:00,1127
1995-08-28 16:35:00,1233
1995-08-28 16:40:00,1219
1995-08-28 16:45:00,1413
1995-08-28 16:50:00,792
1995-08-28 16:55:00,1582
1995-08-28 17:00:00,1364
1995-08-28 17:05:00,1241
1995-08-28 17:10:00,1192
1995-08-28 17:15:00,1232
1995-08-28 17:20:00,1217
1995-08-28 17:25:00,1142
1995-08-28 17:30:00,1399
1995-08-28 17:35:00,1325
1995-08-28 17:40:00,1186
1995-08-28 17:45:00,1091
1995-08-28 17:50:00,1241
1995-08-28 17:55:00,905
1995-08-28 18:00:00,1105
1995-08-28 18:05:00,1238
1995-08-28 18:10:00,898
1995-08-28 18:15:00,1346
1995-08-28 18:20:00,1426
1995-08-28 18:25:00,1234
1995-08-28 18:30:00,1024
1995-08-28 18:35:00,1186
1995-08-28 18:40:00,1042
1995-08-28 18:45:00,1176
1995-08-28 18:50:00,929
1995-08-28 18:55:00,842
1995-08-28 19:00:00,1058
1995-08-28 19:05:00,994
1995-08-28 19:10:00,928
1995-08-28 19:15:00,1278
1995-08-28 19:20:00,1217
1995-08-28 19:25:00,1274
1995-08-28 19:30:00,1037
1995-08-28 19:35:00,1119
1995-08-28 19:40:00,785
1995-08-28 19:45:00,1068
1995-08-28 19:50:00,842
1995-08-28 19:55:00,1080
1995-08-28 20:00:00,828
1995-08-28 20:05:00,790
1995-08-28 20:10:00,1129
1995-08-28 20:15:00,735
1995-08-28 20:20:00,1006
1995-08-28 20:25:00,918
1995-08-28 20:30:00,1181
1995-08-28 20:35:00,836
1995-08-28 20:40:00,674
1995-08-28 20:45:00,921
1995-08-28 20:50:00,967
1995-08-28 20:55:00,903
1995-08-28 21:00:00,914
1995-08-28 21:05:00,780
1995-08-28 21:10:00,997
1995-08-28 21:15:00,1054
1995-08-28 21:20:00,1176
1995-08-28 21:25:00,1187
1995-08-28 21:30:00,788
1995-08-28 21:35:00,871
1995-08-28 21:40:00,878
1995-08-28 21:45:00,1107
1995-08-28 21:50:00,911
1995-08-28 21:55:00,804
1995-08-28 22:00:00,1064
1995-08-28 22:05:00,728
1995-08-28 22:10:00,1072
1995-08-28 22:15:00,1040
1995-08-28 22:20:00,988
1995-08-28 22:25:00,887
1995-08-28 22:30:00,704
1995-08-28 22:35:00,801
1995-08-28 22:40:00,1041
1995-08-28 22:45:00,806
1995-08-28 22:50:00,889
1995-08-28 22:55:00,867
1995-08-28 23:00:00,928
1995-08-28 23:05:00,716
1995-08-28 23:10:00,960
1995-08-28 23:15:00,689
1995-08-28 23:20:00,1141
1995-08-28 23:25:00,1000
1995-08-28 23:30:00,994
1995-08-28 23:35:00,1126
1995-08-28 23:40:00,829
1995-08-28 23:45:00,973
1995-08-28 23:50:00,785
1995-08-28 23:55:00,792
1995-08-29 00:00:00,635
1995-08-29 00:05:00,767
1995-08-29 00:10:00,871
1995-08-29 00:15:00,752
1995-08-29 00:20:00,570
1995-08-29 00:25:00,855
1995-08-29 00:30:00,627
1995-08-29 00:35:00,745
1995-08-29 00:40:00,754
1995-08-29 00:45:00,809
1995-08-29 00:50:00,643
1995-08-29 00:55:00,739
1995-08-29 01:00:00,723
1995-08-29 01:05:00,812
1995-08-29 01:10:00,749
1995-08-29 01:15:00,735
1995-08-29 01:20:00,608
1995-08-29 01:25:00,600
1995-08-29 01:30:00,737
1995-08-29 01:35:00,592
1995-08-29 01:40:00,673
1995-08-29 01:45:00,657
1995-08-29 01:50:00,651
1995-08-29 01:55:00,566
1995-08-29 02:00:00,562
1995-08-29 02:05:00,693
1995-08-29 02:10:00,502
1995-08-29 02:15:00,451
1995-08-29 02:20:00,738
1995-08-29 02:25:00,875
1995-08-29 02:30:00,720
1995-08-29 02:35:00,551
1995-08-29 02:40:00,584
1995-08-29 02:45:00,594
1995-08-29 02:50:00,594
1995-08-29 02:55:00,482
1995-08-29 03:00:00,458
1995-08-29 03:05:00,304
1995-08-29 03:10:00,348
1995-08-29 03:15:00,428
1995-08-29 03:20:00,530
1995-08-29 03:25:00,400
1995-08-29 03:30:00,499
1995-08-29 03:35:00,341
1995-08-29 03:40:00,402
1995-08-29 03:45:00,401
1995-08-29 03:50:00,515
1995-08-29 03:55:00,287
1995-08-29 04:00:00,445
1995-08-29 04:05:00,414
1995-08-29 04:10:00,441
1995-08-29 04:15:00,317
1995-08-29 04:20:00,341
1995-08-29 04:25:00,361
1995-08-29 04:30:00,310
1995-08-29 04:35:00,310
1995-08-29 04:40:00,352
1995-08-29 04:45:00,357
1995-08-29 04:50:00,385
1995-08-29 04:55:00,399
1995-08-29 05:00:00,358
1995-08-29 05:05:00,357
1995-08-29 05:10:00,309
1995-08-29 05:15:00,524
1995-08-29 05:20:00,367
1995-08-29 05:25:00,558
1995-08-29 05:30:00,338
1995-08-29 05:35:00,339
1995-08-29 05:40:00,416
1995-08-29 05:45:00,409
1995-08-29 05:50:00,374
1995-08-29 05:55:00,370
1995-08-29 06:00:00,520
1995-08-29 06:05:00,240
1995-08-29 06:10:00,370
1995-08-29 06:15:00,430
1995-08-29 06:20:00,331
1995-08-29 06:25:00,465
1995-08-29 06:30:00,466
1995-08-29 06:35:00,316
1995-08-29 06:40:00,467
1995-08-29 06:45:00,619
1995-08-29 06:50:00,510
1995-08-29 06:55:00,569
1995-08-29 07:00:00,538
1995-08-29 07:05:00,599
1995-08-29 07:10:00,369
1995-08-29 07:15:00,448
1995-08-29 07:20:00,510
1995-08-29 07:25:00,636
1995-08-29 07:30:00,554
1995-08-29 07:35:00,588
1995-08-29 07:40:00,518
1995-08-29 07:45:00,460
1995-08-29 07:50:00,547
1995-08-29 07:55:00,708
1995-08-29 08:00:00,577
1995-08-29 08:05:00,602
1995-08-29 08:10:00,722
1995-08-29 08:15:00,666
1995-08-29 08:20:00,795
1995-08-29 08:25:00,788
1995-08-29 08:30:00,699
1995-08-29 08:35:00,797
1995-08-29 08:40:00,1078
1995-08-29 08:45:00,795
1995-08-29 08:50:00,903
1995-08-29 08:55:00,899
1995-08-29 09:00:00,875
1995-08-29 09:05:00,750
1995-08-29 09:10:00,893
1995-08-29 09:15:00,845
1995-08-29 09:20:00,688
1995-08-29 09:25:00,904
1995-08-29 09:30:00,968
1995-08-29 09:35:00,1113
1995-08-29 09:40:00,1007
1995-08-29 09:45:00,1005
1995-08-29 09:50:00,910
1995-08-29 09:55:00,720
1995-08-29 10:00:00,915
1995-08-29 10:05:00,995
1995-08-29 10:10:00,1047
1995-08-29 10:15:00,1124
1995-08-29 10:20:00,1140
1995-08-29 10:25:00,1122
1995-08-29 10:30:00,802
1995-08-29 10:35:00,949
1995-08-29 10:40:00,1140
1995-08-29 10:45:00,1482
1995-08-29 10:50:00,1309
1995-08-29 10:55:00,1257
1995-08-29 11:00:00,1023
1995-08-29 11:05:00,1090
1995-08-29 11:10:00,1006
1995-08-29 11:15:00,1218
1995-08-29 11:20:00,1006
1995-08-29 11:25:00,918
1995-08-29 11:30:00,969
1995-08-29 11:35:00,1171
1995-08-29 11:40:00,1060
1995-08-29 11:45:00,1131
1995-08-29 11:50:00,1278
1995-08-29 11:55:00,1044
1995-08-29 12:00:00,1168
1995-08-29 12:05:00,1008
1995-08-29 12:10:00,1142
1995-08-29 12:15:00,1306
1995-08-29 12:20:00,1411
1995-08-29 12:25:00,1084
1995-08-29 12:30:00,1219
1995-08-29 12:35:00,1466
1995-08-29 12:40:00,1352
1995-08-29 12:45:00,1377
1995-08-29 12:50:00,1433
1995-08-29 12:55:00,1368
1995-08-29 13:00:00,1507
1995-08-29 13:05:00,1278
1995-08-29 13:10:00,1477
1995-08-29 13:15:00,1243
1995-08-29 13:20:00,1421
1995-08-29 13:25:00,1338
1995-08-29 13:30:00,1271
1995-08-29 13:35:00,1314
1995-08-29 13:40:00,1318
1995-08-29 13:45:00,1356
1995-08-29 13:50:00,1333
1995-08-29 13:55:00,1401
1995-08-29 14:00:00,1357
1995-08-29 14:05:00,1213
1995-08-29 14:10:00,1652
1995-08-29 14:15:00,1488
1995-08-29 14:20:00,1473
1995-08-29 14:25:00,1251
1995-08-29 14:30:00,1433
1995-08-29 14:35:00,1616
1995-08-29 14:40:00,1613
1995-08-29 14:45:00,1835
1995-08-29 14:50:00,1114
1995-08-29 14:55:00,1315
1995-08-29 15:00:00,1342
1995-08-29 15:05:00,1421
1995-08-29 15:10:00,1219
1995-08-29 15:15:00,1358
1995-08-29 15:20:00,1227
1995-08-29 15:25:00,1304
1995-08-29 15:30:00,1205
1995-08-29 15:35:00,1637
1995-08-29 15:40:00,1489
1995-08-29 15:45:00,1508
1995-08-29 15:50:00,1576
1995-08-29 15:55:00,1722
1995-08-29 16:00:00,1297
1995-08-29 16:05:00,1407
1995-08-29 16:10:00,1829
1995-08-29 16:15:00,1547
1995-08-29 16:20:00,1539
1995-08-29 16:25:00,1615
1995-08-29 16:30:00,1804
1995-08-29 16:35:00,1312
1995-08-29 16:40:00,1222
1995-08-29 16:45:00,1647
1995-08-29 16:50:00,1347
1995-08-29 16:55:00,1493
1995-08-29 17:00:00,1329
1995-08-29 17:05:00,1417
1995-08-29 17:10:00,1470
1995-08-29 17:15:00,1524
1995-08-29 17:20:00,1683
1995-08-29 17:25:00,1320
1995-08-29 17:30:00,1408
1995-08-29 17:35:00,1226
1995-08-29 17:40:00,1198
1995-08-29 17:45:00,1240
1995-08-29 17:50:00,1265
1995-08-29 17:55:00,1348
1995-08-29 18:00:00,1402
1995-08-29 18:05:00,1126
1995-08-29 18:10:00,1233
1995-08-29 18:15:00,1213
1995-08-29 18:20:00,1438
1995-08-29 18:25:00,1132
1995-08-29 18:30:00,1235
1995-08-29 18:35:00,1090
1995-08-29 18:40:00,1114
1995-08-29 18:45:00,1173
1995-08-29 18:50:00,1139
1995-08-29 18:55:00,1009
1995-08-29 19:00:00,1372
1995-08-29 19:05:00,1526
1995-08-29 19:10:00,1308
1995-08-29 19:15:00,1185
1995-08-29 19:20:00,1004
1995-08-29 19:25:00,1106
1995-08-29 19:30:00,1207
1995-08-29 19:35:00,1150
1995-08-29 19:40:00,777
1995-08-29 19:45:00,964
1995-08-29 19:50:00,1018
1995-08-29 19:55:00,998
1995-08-29 20:00:00,891
1995-08-29 20:05:00,793
1995-08-29 20:10:00,1037
1995-08-29 20:15:00,1218
1995-08-29 20:20:00,831
1995-08-29 20:25:00,685
1995-08-29 20:30:00,1145
1995-08-29 20:35:00,789
1995-08-29 20:40:00,1186
1995-08-29 20:45:00,748
1995-08-29 20:50:00,1044
1995-08-29 20:55:00,732
1995-08-29 21:00:00,1277
1995-08-29 21:05:00,1036
1995-08-29 21:10:00,695
1995-08-29 21:15:00,833
1995-08-29 21:20:00,881
1995-08-29 21:25:00,1130
1995-08-29 21:30:00,774
1995-08-29 21:35:00,872
1995-08-29 21:40:00,871
1995-08-29 21:45:00,911
1995-08-29 21:50:00,989
1995-08-29 21:55:00,761
1995-08-29 22:00:00,929
1995-08-29 22:05:00,938
1995-08-29 22:10:00,747
1995-08-29 22:15:00,849
1995-08-29 22:20:00,755
1995-08-29 22:25:00,719
1995-08-29 22:30:00,1109
1995-08-29 22:35:00,868
1995-08-29 22:40:00,767
1995-08-29 22:45:00,869
1995-08-29 22:50:00,994
1995-08-29 22:55:00,865
1995-08-29 23:00:00,941
1995-08-29 23:05:00,940
1995-08-29 23:10:00,1042
1995-08-29 23:15:00,1026
1995-08-29 23:20:00,921
1995-08-29 23:25:00,932
1995-08-29 23:30:00,733
1995-08-29 23:35:00,899
1995-08-29 23:40:00,736
1995-08-29 23:45:00,717
1995-08-29 23:50:00,700
1995-08-29 23:55:00,676
1995-08-30 00:00:00,560
1995-08-30 00:05:00,663
1995-08-30 00:10:00,1025
1995-08-30 00:15:00,723
1995-08-30 00:20:00,803
1995-08-30 00:25:00,825
1995-08-30 00:30:00,853
1995-08-30 00:35:00,848
1995-08-30 00:40:00,808
1995-08-30 00:45:00,737
1995-08-30 00:50:00,661
1995-08-30 00:55:00,668
1995-08-30 01:00:00,605
1995-08-30 01:05:00,766
1995-08-30 01:10:00,862
1995-08-30 01:15:00,707
1995-08-30 01:20:00,726
1995-08-30 01:25:00,720
1995-08-30 01:30:00,699
1995-08-30 01:35:00,539
1995-08-30 01:40:00,478
1995-08-30 01:45:00,793
1995-08-30 01:50:00,507
1995-08-30 01:55:00,559
1995-08-30 02:00:00,691
1995-08-30 02:05:00,586
1995-08-30 02:10:00,525
1995-08-30 02:15:00,581
1995-08-30 02:20:00,520
1995-08-30 02:25:00,762
1995-08-30 02:30:00,593
1995-08-30 02:35:00,311
1995-08-30 02:40:00,652
1995-08-30 02:45:00,557
1995-08-30 02:50:00,497
1995-08-30 02:55:00,540
1995-08-30 03:00:00,441
1995-08-30 03:05:00,419
1995-08-30 03:10:00,406
1995-08-30 03:15:00,588
1995-08-30 03:20:00,655
1995-08-30 03:25:00,469
1995-08-30 03:30:00,407
1995-08-30 03:35:00,427
1995-08-30 03:40:00,422
1995-08-30 03:45:00,283
1995-08-30 03:50:00,297
1995-08-30 03:55:00,422
1995-08-30 04:00:00,485
1995-08-30 04:05:00,471
1995-08-30 04:10:00,395
1995-08-30 04:15:00,487
1995-08-30 04:20:00,369
1995-08-30 04:25:00,352
1995-08-30 04:30:00,389
1995-08-30 04:35:00,535
1995-08-30 04:40:00,471
1995-08-30 04:45:00,455
1995-08-30 04:50:00,330
1995-08-30 04:55:00,479
1995-08-30 05:00:00,482
1995-08-30 05:05:00,450
1995-08-30 05:10:00,580
1995-08-30 05:15:00,377
1995-08-30 05:20:00,509
1995-08-30 05:25:00,428
1995-08-30 05:30:00,355
1995-08-30 05:35:00,294
1995-08-30 05:40:00,390
1995-08-30 05:45:00,333
1995-08-30 05:50:00,352
1995-08-30 05:55:00,334
1995-08-30 06:00:00,349
1995-08-30 06:05:00,363
1995-08-30 06:10:00,321
1995-08-30 06:15:00,315
1995-08-30 06:20:00,367
1995-08-30 06:25:00,433
1995-08-30 06:30:00,400
1995-08-30 06:35:00,456
1995-08-30 06:40:00,390
1995-08-30 06:45:00,431
1995-08-30 06:50:00,629
1995-08-30 06:55:00,370
1995-08-30 07:00:00,567
1995-08-30 07:05:00,300
1995-08-30 07:10:00,394
1995-08-30 07:15:00,461
1995-08-30 07:20:00,508
1995-08-30 07:25:00,546
1995-08-30 07:30:00,617
1995-08-30 07:35:00,656
1995-08-30 07:40:00,695
1995-08-30 07:45:00,815
1995-08-30 07:50:00,535
1995-08-30 07:55:00,570
1995-08-30 08:00:00,653
1995-08-30 08:05:00,497
1995-08-30 08:10:00,864
1995-08-30 08:15:00,779
1995-08-30 08:20:00,463
1995-08-30 08:25:00,677
1995-08-30 08:30:00,655
1995-08-30 08:35:00,676
1995-08-30 08:40:00,624
1995-08-30 08:45:00,974
1995-08-30 08:50:00,937
1995-08-30 08:55:00,1095
1995-08-30 09:00:00,839
1995-08-30 09:05:00,794
1995-08-30 09:10:00,983
1995-08-30 09:15:00,704
1995-08-30 09:20:00,811
1995-08-30 09:25:00,1071
1995-08-30 09:30:00,930
1995-08-30 09:35:00,1017
1995-08-30 09:40:00,1040
1995-08-30 09:45:00,726
1995-08-30 09:50:00,673
1995-08-30 09:55:00,952
1995-08-30 10:00:00,1263
1995-08-30 10:05:00,968
1995-08-30 10:10:00,1016
1995-08-30 10:15:00,1247
1995-08-30 10:20:00,915
1995-08-30 10:25:00,1047
1995-08-30 10:30:00,1274
1995-08-30 10:35:00,961
1995-08-30 10:40:00,1072
1995-08-30 10:45:00,1073
1995-08-30 10:50:00,1132
1995-08-30 10:55:00,1066
1995-08-30 11:00:00,941
1995-08-30 11:05:00,910
1995-08-30 11:10:00,1282
1995-08-30 11:15:00,1234
1995-08-30 11:20:00,1399
1995-08-30 11:25:00,1362
1995-08-30 11:30:00,1245
1995-08-30 11:35:00,1101
1995-08-30 11:40:00,1147
1995-08-30 11:45:00,1017
1995-08-30 11:50:00,1342
1995-08-30 11:55:00,1480
1995-08-30 12:00:00,1300
1995-08-30 12:05:00,1113
1995-08-30 12:10:00,1543
1995-08-30 12:15:00,1228
1995-08-30 12:20:00,1423
1995-08-30 12:25:00,1465
1995-08-30 12:30:00,1273
1995-08-30 12:35:00,1383
1995-08-30 12:40:00,1193
1995-08-30 12:45:00,1384
1995-08-30 12:50:00,1283
1995-08-30 12:55:00,1235
1995-08-30 13:00:00,1368
1995-08-30 13:05:00,1217
1995-08-30 13:10:00,1287
1995-08-30 13:15:00,1164
1995-08-30 13:20:00,1280
1995-08-30 13:25:00,1435
1995-08-30 13:30:00,1445
1995-08-30 13:35:00,1246
1995-08-30 13:40:00,1279
1995-08-30 13:45:00,1390
1995-08-30 13:50:00,1561
1995-08-30 13:55:00,1744
1995-08-30 14:00:00,1759
1995-08-30 14:05:00,1390
1995-08-30 14:10:00,1543
1995-08-30 14:15:00,1433
1995-08-30 14:20:00,1478
1995-08-30 14:25:00,1660
1995-08-30 14:30:00,1574
1995-08-30 14:35:00,1502
1995-08-30 14:40:00,1911
1995-08-30 14:45:00,1285
1995-08-30 14:50:00,1374
1995-08-30 14:55:00,1176
1995-08-30 15:00:00,1436
1995-08-30 15:05:00,1645
1995-08-30 15:10:00,1407
1995-08-30 15:15:00,1384
1995-08-30 15:20:00,1487
1995-08-30 15:25:00,1574
1995-08-30 15:30:00,1296
1995-08-30 15:35:00,1342
1995-08-30 15:40:00,1665
1995-08-30 15:45:00,1431
1995-08-30 15:50:00,1453
1995-08-30 15:55:00,1486
1995-08-30 16:00:00,1368
1995-08-30 16:05:00,1197
1995-08-30 16:10:00,1492
1995-08-30 16:15:00,1662
1995-08-30 16:20:00,1597
1995-08-30 16:25:00,1477
1995-08-30 16:30:00,1502
1995-08-30 16:35:00,1302
1995-08-30 16:40:00,1345
1995-08-30 16:45:00,1397
1995-08-30 16:50:00,1392
1995-08-30 16:55:00,1498
1995-08-30 17:00:00,1168
1995-08-30 17:05:00,1315
1995-08-30 17:10:00,1322
1995-08-30 17:15:00,1278
1995-08-30 17:20:00,1490
1995-08-30 17:25:00,1256
1995-08-30 17:30:00,1155
1995-08-30 17:35:00,1007
1995-08-30 17:40:00,1341
1995-08-30 17:45:00,1353
1995-08-30 17:50:00,1050
1995-08-30 17:55:00,1434
1995-08-30 18:00:00,1567
1995-08-30 18:05:00,1505
1995-08-30 18:10:00,1118
1995-08-30 18:15:00,1328
1995-08-30 18:20:00,1112
1995-08-30 18:25:00,1518
1995-08-30 18:30:00,991
1995-08-30 18:35:00,1248
1995-08-30 18:40:00,1295
1995-08-30 18:45:00,1251
1995-08-30 18:50:00,1375
1995-08-30 18:55:00,1252
1995-08-30 19:00:00,1056
1995-08-30 19:05:00,958
1995-08-30 19:10:00,1105
1995-08-30 19:15:00,1162
1995-08-30 19:20:00,1428
1995-08-30 19:25:00,1183
1995-08-30 19:30:00,1040
1995-08-30 19:35:00,1178
1995-08-30 19:40:00,1259
1995-08-30 19:45:00,1093
1995-08-30 19:50:00,1094
1995-08-30 19:55:00,1092
1995-08-30 20:00:00,841
1995-08-30 20:05:00,926
1995-08-30 20:10:00,1156
1995-08-30 20:15:00,1355
1995-08-30 20:20:00,1134
1995-08-30 20:25:00,1166
1995-08-30 20:30:00,1042
1995-08-30 20:35:00,858
1995-08-30 20:40:00,861
1995-08-30 20:45:00,1040
1995-08-30 20:50:00,1061
1995-08-30 20:55:00,1042
1995-08-30 21:00:00,811
1995-08-30 21:05:00,915
1995-08-30 21:10:00,770
1995-08-30 21:15:00,1164
1995-08-30 21:20:00,1184
1995-08-30 21:25:00,1049
1995-08-30 21:30:00,925
1995-08-30 21:35:00,942
1995-08-30 21:40:00,1119
1995-08-30 21:45:00,1016
1995-08-30 21:50:00,1303
1995-08-30 21:55:00,1199
1995-08-30 22:00:00,935
1995-08-30 22:05:00,1050
1995-08-30 22:10:00,904
1995-08-30 22:15:00,1027
1995-08-30 22:20:00,973
1995-08-30 22:25:00,741
1995-08-30 22:30:00,826
1995-08-30 22:35:00,949
1995-08-30 22:40:00,1091
1995-08-30 22:45:00,1012
1995-08-30 22:50:00,853
1995-08-30 22:55:00,785
1995-08-30 23:00:00,717
1995-08-30 23:05:00,660
1995-08-30 23:10:00,850
1995-08-30 23:15:00,763
1995-08-30 23:20:00,860
1995-08-30 23:25:00,1009
1995-08-30 23:30:00,927
1995-08-30 23:35:00,938
1995-08-30 23:40:00,885
1995-08-30 23:45:00,960
1995-08-30 23:50:00,677
1995-08-30 23:55:00,930
1995-08-31 00:00:00,946
1995-08-31 00:05:00,821
1995-08-31 00:10:00,968
1995-08-31 00:15:00,709
1995-08-31 00:20:00,841
1995-08-31 00:25:00,839
1995-08-31 00:30:00,803
1995-08-31 00:35:00,844
1995-08-31 00:40:00,865
1995-08-31 00:45:00,559
1995-08-31 00:50:00,282
1995-08-31 00:55:00,356
1995-08-31 01:00:00,547
1995-08-31 01:05:00,317
1995-08-31 01:10:00,467
1995-08-31 01:15:00,456
1995-08-31 01:20:00,436
1995-08-31 01:25:00,380
1995-08-31 01:30:00,433
1995-08-31 01:35:00,662
1995-08-31 01:40:00,465
1995-08-31 01:45:00,583
1995-08-31 01:50:00,622
1995-08-31 01:55:00,575
1995-08-31 02:00:00,647
1995-08-31 02:05:00,488
1995-08-31 02:10:00,425
1995-08-31 02:15:00,650
1995-08-31 02:20:00,590
1995-08-31 02:25:00,685
1995-08-31 02:30:00,522
1995-08-31 02:35:00,613
1995-08-31 02:40:00,507
1995-08-31 02:45:00,507
1995-08-31 02:50:00,608
1995-08-31 02:55:00,389
1995-08-31 03:00:00,471
1995-08-31 03:05:00,535
1995-08-31 03:10:00,427
1995-08-31 03:15:00,523
1995-08-31 03:20:00,505
1995-08-31 03:25:00,501
1995-08-31 03:30:00,376
1995-08-31 03:35:00,381
1995-08-31 03:40:00,502
1995-08-31 03:45:00,698
1995-08-31 03:50:00,522
1995-08-31 03:55:00,568
1995-08-31 04:00:00,393
1995-08-31 04:05:00,664
1995-08-31 04:10:00,440
1995-08-31 04:15:00,529
1995-08-31 04:20:00,675
1995-08-31 04:25:00,620
1995-08-31 04:30:00,384
1995-08-31 04:35:00,374
1995-08-31 04:40:00,302
1995-08-31 04:45:00,464
1995-08-31 04:50:00,446
1995-08-31 04:55:00,495
1995-08-31 05:00:00,419
1995-08-31 05:05:00,371
1995-08-31 05:10:00,344
1995-08-31 05:15:00,477
1995-08-31 05:20:00,380
1995-08-31 05:25:00,414
1995-08-31 05:30:00,560
1995-08-31 05:35:00,440
1995-08-31 05:40:00,475
1995-08-31 05:45:00,382
1995-08-31 05:50:00,368
1995-08-31 05:55:00,338
1995-08-31 06:00:00,542
1995-08-31 06:05:00,374
1995-08-31 06:10:00,488
1995-08-31 06:15:00,460
1995-08-31 06:20:00,322
1995-08-31 06:25:00,396
1995-08-31 06:30:00,252
1995-08-31 06:35:00,467
1995-08-31 06:40:00,515
1995-08-31 06:45:00,342
1995-08-31 06:50:00,488
1995-08-31 06:55:00,425
1995-08-31 07:00:00,414
1995-08-31 07:05:00,455
1995-08-31 07:10:00,293
1995-08-31 07:15:00,421
1995-08-31 07:20:00,325
1995-08-31 07:25:00,722
1995-08-31 07:30:00,593
1995-08-31 07:35:00,426
1995-08-31 07:40:00,418
1995-08-31 07:45:00,436
1995-08-31 07:50:00,589
1995-08-31 07:55:00,715
1995-08-31 08:00:00,750
1995-08-31 08:05:00,547
1995-08-31 08:10:00,783
1995-08-31 08:15:00,636
1995-08-31 08:20:00,591
1995-08-31 08:25:00,806
1995-08-31 08:30:00,695
1995-08-31 08:35:00,563
1995-08-31 08:40:00,873
1995-08-31 08:45:00,910
1995-08-31 08:50:00,947
1995-08-31 08:55:00,615
1995-08-31 09:00:00,841
1995-08-31 09:05:00,837
1995-08-31 09:10:00,992
1995-08-31 09:15:00,919
1995-08-31 09:20:00,779
1995-08-31 09:25:00,816
1995-08-31 09:30:00,900
1995-08-31 09:35:00,902
1995-08-31 09:40:00,961
1995-08-31 09:45:00,883
1995-08-31 09:50:00,1091
1995-08-31 09:55:00,834
1995-08-31 10:00:00,926
1995-08-31 10:05:00,809
1995-08-31 10:10:00,1035
1995-08-31 10:15:00,1067
1995-08-31 10:20:00,1027
1995-08-31 10:25:00,1101
1995-08-31 10:30:00,1051
1995-08-31 10:35:00,1018
1995-08-31 10:40:00,1182
1995-08-31 10:45:00,1095
1995-08-31 10:50:00,986
1995-08-31 10:55:00,1358
1995-08-31 11:00:00,1252
1995-08-31 11:05:00,1005
1995-08-31 11:10:00,1024
1995-08-31 11:15:00,1099
1995-08-31 11:20:00,1119
1995-08-31 11:25:00,1194
1995-08-31 11:30:00,1411
1995-08-31 11:35:00,1349
1995-08-31 11:40:00,1457
1995-08-31 11:45:00,1329
1995-08-31 11:50:00,1613
1995-08-31 11:55:00,1455
1995-08-31 12:00:00,1276
1995-08-31 12:05:00,1147
1995-08-31 12:10:00,1141
1995-08-31 12:15:00,1252
1995-08-31 12:20:00,1202
1995-08-31 12:25:00,1036
1995-08-31 12:30:00,1458
1995-08-31 12:35:00,1537
1995-08-31 12:40:00,1250
1995-08-31 12:45:00,1438
1995-08-31 12:50:00,1472
1995-08-31 12:55:00,1189
1995-08-31 13:00:00,1084
1995-08-31 13:05:00,1362
1995-08-31 13:10:00,1161
1995-08-31 13:15:00,1178
1995-08-31 13:20:00,1367
1995-08-31 13:25:00,1379
1995-08-31 13:30:00,1363
1995-08-31 13:35:00,1250
1995-08-31 13:40:00,1305
1995-08-31 13:45:00,1265
1995-08-31 13:50:00,1311
1995-08-31 13:55:00,1432
1995-08-31 14:00:00,1334
1995-08-31 14:05:00,1092
1995-08-31 14:10:00,1292
1995-08-31 14:15:00,1391
1995-08-31 14:20:00,1554
1995-08-31 14:25:00,1182
1995-08-31 14:30:00,1234
1995-08-31 14:35:00,1326
1995-08-31 14:40:00,1293
1995-08-31 14:45:00,1307
1995-08-31 14:50:00,1270
1995-08-31 14:55:00,1397
1995-08-31 15:00:00,1280
1995-08-31 15:05:00,1339
1995-08-31 15:10:00,1184
1995-08-31 15:15:00,1458
1995-08-31 15:20:00,1446
1995-08-31 15:25:00,1507
1995-08-31 15:30:00,1447
1995-08-31 15:35:00,1437
1995-08-31 15:40:00,1348
1995-08-31 15:45:00,1041
1995-08-31 15:50:00,1287
1995-08-31 15:55:00,1535
1995-08-31 16:00:00,1631
1995-08-31 16:05:00,1150
1995-08-31 16:10:00,1311
1995-08-31 16:15:00,1531
1995-08-31 16:20:00,1089
1995-08-31 16:25:00,1202
1995-08-31 16:30:00,1358
1995-08-31 16:35:00,1507
1995-08-31 16:40:00,1283
1995-08-31 16:45:00,1699
1995-08-31 16:50:00,1255
1995-08-31 16:55:00,1309
1995-08-31 17:00:00,1333
1995-08-31 17:05:00,1042
1995-08-31 17:10:00,1129
1995-08-31 17:15:00,1527
1995-08-31 17:20:00,1367
1995-08-31 17:25:00,1148
1995-08-31 17:30:00,1288
1995-08-31 17:35:00,1144
1995-08-31 17:40:00,1430
1995-08-31 17:45:00,1089
1995-08-31 17:50:00,1387
1995-08-31 17:55:00,1183
1995-08-31 18:00:00,1169
1995-08-31 18:05:00,995
1995-08-31 18:10:00,1152
1995-08-31 18:15:00,1111
1995-08-31 18:20:00,987
1995-08-31 18:25:00,1245
1995-08-31 18:30:00,982
1995-08-31 18:35:00,1498
1995-08-31 18:40:00,1675
1995-08-31 18:45:00,1158
1995-08-31 18:50:00,1290
1995-08-31 18:55:00,1315
1995-08-31 19:00:00,1015
1995-08-31 19:05:00,1020
1995-08-31 19:10:00,1288
1995-08-31 19:15:00,1130
1995-08-31 19:20:00,1050
1995-08-31 19:25:00,844
1995-08-31 19:30:00,1058
1995-08-31 19:35:00,1057
1995-08-31 19:40:00,761
1995-08-31 19:45:00,986
1995-08-31 19:50:00,849
1995-08-31 19:55:00,1255
1995-08-31 20:00:00,1137
1995-08-31 20:05:00,940
1995-08-31 20:10:00,831
1995-08-31 20:15:00,936
1995-08-31 20:20:00,983
1995-08-31 20:25:00,787
1995-08-31 20:30:00,887
1995-08-31 20:35:00,1118
1995-08-31 20:40:00,1073
1995-08-31 20:45:00,774
1995-08-31 20:50:00,779
1995-08-31 20:55:00,776
1995-08-31 21:00:00,621
1995-08-31 21:05:00,917
1995-08-31 21:10:00,941
1995-08-31 21:15:00,808
1995-08-31 21:20:00,720
1995-08-31 21:25:00,842
1995-08-31 21:30:00,1068
1995-08-31 21:35:00,966
1995-08-31 21:40:00,693
1995-08-31 21:45:00,785
1995-08-31 21:50:00,786
1995-08-31 21:55:00,909
1995-08-31 22:00:00,668
1995-08-31 22:05:00,922
1995-08-31 22:10:00,867
1995-08-31 22:15:00,930
1995-08-31 22:20:00,892
1995-08-31 22:25:00,997
1995-08-31 22:30:00,783
1995-08-31 22:35:00,716
1995-08-31 22:40:00,850
1995-08-31 22:45:00,931
1995-08-31 22:50:00,887
1995-08-31 22:55:00,1183
1995-08-31 23:00:00,954
1995-08-31 23:05:00,1045
1995-08-31 23:10:00,642
1995-08-31 23:15:00,661
1995-08-31 23:20:00,1009
1995-08-31 23:25:00,761
1995-08-31 23:30:00,913
1995-08-31 23:35:00,711
1995-08-31 23:40:00,837
1995-08-31 23:45:00,945
1995-08-31 23:50:00,695
1995-08-31 23:55:00,1008
1995-09-01 00:00:00,946
1995-09-01 00:05:00,919
1995-09-01 00:10:00,714
1995-09-01 00:15:00,694
1995-09-01 00:20:00,813
1995-09-01 00:25:00,948
1995-09-01 00:30:00,1034
1995-09-01 00:35:00,723
1995-09-01 00:40:00,907
1995-09-01 00:45:00,853
1995-09-01 00:50:00,822
1995-09-01 00:55:00,709
1995-09-01 01:00:00,701
1995-09-01 01:05:00,689
1995-09-01 01:10:00,722
1995-09-01 01:15:00,791
1995-09-01 01:20:00,1091
1995-09-01 01:25:00,679
1995-09-01 01:30:00,609
1995-09-01 01:35:00,595
1995-09-01 01:40:00,518
1995-09-01 01:45:00,587
1995-09-01 01:50:00,525
1995-09-01 01:55:00,591
1995-09-01 02:00:00,584
1995-09-01 02:05:00,464
1995-09-01 02:10:00,570
1995-09-01 02:15:00,637
1995-09-01 02:20:00,715
1995-09-01 02:25:00,434
1995-09-01 02:30:00,491
1995-09-01 02:35:00,722
1995-09-01 02:40:00,718
1995-09-01 02:45:00,516
1995-09-01 02:50:00,648
1995-09-01 02:55:00,555
1995-09-01 03:00:00,607
1995-09-01 03:05:00,528
1995-09-01 03:10:00,541
1995-09-01 03:15:00,491
1995-09-01 03:20:00,400
1995-09-01 03:25:00,673
1995-09-01 03:30:00,667
1995-09-01 03:35:00,551
1995-09-01 03:40:00,519
1995-09-01 03:45:00,457
1995-09-01 03:50:00,488
1995-09-01 03:55:00,374
1995-09-01 04:00:00,426
1995-09-01 04:05:00,540
1995-09-01 04:10:00,370
1995-09-01 04:15:00,314
1995-09-01 04:20:00,290
1995-09-01 04:25:00,467
1995-09-01 04:30:00,365
1995-09-01 04:35:00,464
1995-09-01 04:40:00,440
1995-09-01 04:45:00,406
1995-09-01 04:50:00,381
1995-09-01 04:55:00,337
1995-09-01 05:00:00,395
1995-09-01 05:05:00,333
1995-09-01 05:10:00,337
1995-09-01 05:15:00,321
1995-09-01 05:20:00,375
1995-09-01 05:25:00,488
1995-09-01 05:30:00,287
1995-09-01 05:35:00,298
1995-09-01 05:40:00,409
1995-09-01 05:45:00,382
1995-09-01 05:50:00,384
1995-09-01 05:55:00,385
1995-09-01 06:00:00,423
1995-09-01 06:05:00,278
1995-09-01 06:10:00,312
1995-09-01 06:15:00,297
1995-09-01 06:20:00,405
1995-09-01 06:25:00,359
1995-09-01 06:30:00,323
1995-09-01 06:35:00,237
1995-09-01 06:40:00,298
1995-09-01 06:45:00,619
1995-09-01 06:50:00,368
1995-09-01 06:55:00,362
1995-09-01 07:00:00,500
1995-09-01 07:05:00,306
1995-09-01 07:10:00,552
1995-09-01 07:15:00,475
1995-09-01 07:20:00,431
1995-09-01 07:25:00,569
1995-09-01 07:30:00,627
1995-09-01 07:35:00,757
1995-09-01 07:40:00,728
1995-09-01 07:45:00,697
1995-09-01 07:50:00,843
1995-09-01 07:55:00,557
1995-09-01 08:00:00,491
1995-09-01 08:05:00,717
1995-09-01 08:10:00,593
1995-09-01 08:15:00,710
1995-09-01 08:20:00,762
1995-09-01 08:25:00,837
1995-09-01 08:30:00,813
1995-09-01 08:35:00,766
1995-09-01 08:40:00,830
1995-09-01 08:45:00,725
1995-09-01 08:50:00,709
1995-09-01 08:55:00,689
1995-09-01 09:00:00,801
1995-09-01 09:05:00,878
1995-09-01 09:10:00,764
1995-09-01 09:15:00,854
1995-09-01 09:20:00,1010
1995-09-01 09:25:00,1123
1995-09-01 09:30:00,1229
1995-09-01 09:35:00,1363
1995-09-01 09:40:00,1032
1995-09-01 09:45:00,1004
1995-09-01 09:50:00,1105
1995-09-01 09:55:00,901
1995-09-01 10:00:00,877
1995-09-01 10:05:00,1079
1995-09-01 10:10:00,981
1995-09-01 10:15:00,893
1995-09-01 10:20:00,1392
1995-09-01 10:25:00,1513
1995-09-01 10:30:00,1286
1995-09-01 10:35:00,1128
1995-09-01 10:40:00,1334
1995-09-01 10:45:00,1180
1995-09-01 10:50:00,1273
1995-09-01 10:55:00,1156
1995-09-01 11:00:00,1224
1995-09-01 11:05:00,1068
1995-09-01 11:10:00,1249
1995-09-01 11:15:00,1355
1995-09-01 11:20:00,1187
1995-09-01 11:25:00,1386
1995-09-01 11:30:00,1309
1995-09-01 11:35:00,1240
1995-09-01 11:40:00,1320
1995-09-01 11:45:00,1229
1995-09-01 11:50:00,1278
1995-09-01 11:55:00,1117
1995-09-01 12:00:00,1038
1995-09-01 12:05:00,1299
1995-09-01 12:10:00,1610
1995-09-01 12:15:00,1302
1995-09-01 12:20:00,1155
1995-09-01 12:25:00,1191
1995-09-01 12:30:00,1286
1995-09-01 12:35:00,1281
1995-09-01 12:40:00,1321
1995-09-01 12:45:00,1444
1995-09-01 12:50:00,1613
1995-09-01 12:55:00,1365
1995-09-01 13:00:00,1170
1995-09-01 13:05:00,1359
1995-09-01 13:10:00,1225
1995-09-01 13:15:00,1715
1995-09-01 13:20:00,1213
1995-09-01 13:25:00,1374
1995-09-01 13:30:00,1507
1995-09-01 13:35:00,1350
1995-09-01 13:40:00,1222
1995-09-01 13:45:00,1071
1995-09-01 13:50:00,1368
1995-09-01 13:55:00,1509
1995-09-01 14:00:00,1736
1995-09-01 14:05:00,1106
1995-09-01 14:10:00,1210
1995-09-01 14:15:00,1726
1995-09-01 14:20:00,1736
1995-09-01 14:25:00,1841
1995-09-01 14:30:00,1593
1995-09-01 14:35:00,1056
1995-09-01 14:40:00,1187
1995-09-01 14:45:00,1092
1995-09-01 14:50:00,1647
1995-09-01 14:55:00,1267
1995-09-01 15:00:00,1474
1995-09-01 15:05:00,1611
1995-09-01 15:10:00,1537
1995-09-01 15:15:00,1360
1995-09-01 15:20:00,1526
1995-09-01 15:25:00,2000
1995-09-01 15:30:00,1604
1995-09-01 15:35:00,1562
1995-09-01 15:40:00,1496
1995-09-01 15:45:00,1704
1995-09-01 15:50:00,1349
1995-09-01 15:55:00,1212
1995-09-01 16:00:00,1296
1995-09-01 16:05:00,1744
1995-09-01 16:10:00,1187
1995-09-01 16:15:00,1242
1995-09-01 16:20:00,1759
1995-09-01 16:25:00,1365
1995-09-01 16:30:00,1328
1995-09-01 16:35:00,1225
1995-09-01 16:40:00,1581
1995-09-01 16:45:00,1545
1995-09-01 16:50:00,1504
1995-09-01 16:55:00,1382
1995-09-01 17:00:00,1272
1995-09-01 17:05:00,1469
1995-09-01 17:10:00,1253
1995-09-01 17:15:00,1451
1995-09-01 17:20:00,1109
1995-09-01 17:25:00,1168
1995-09-01 17:30:00,1541
1995-09-01 17:35:00,1543
1995-09-01 17:40:00,1310
1995-09-01 17:45:00,878
1995-09-01 17:50:00,1383
1995-09-01 17:55:00,1239
1995-09-01 18:00:00,1083
1995-09-01 18:05:00,1343
1995-09-01 18:10:00,1133
1995-09-01 18:15:00,1064
1995-09-01 18:20:00,1038
1995-09-01 18:25:00,958
1995-09-01 18:30:00,1248
1995-09-01 18:35:00,987
1995-09-01 18:40:00,1326
1995-09-01 18:45:00,1125
1995-09-01 18:50:00,1361
1995-09-01 18:55:00,1280
1995-09-01 19:00:00,1096
1995-09-01 19:05:00,1104
1995-09-01 19:10:00,1310
1995-09-01 19:15:00,998
1995-09-01 19:20:00,1131
1995-09-01 19:25:00,1037
1995-09-01 19:30:00,925
1995-09-01 19:35:00,1041
1995-09-01 19:40:00,1075
1995-09-01 19:45:00,1074
1995-09-01 19:50:00,875
1995-09-01 19:55:00,1049
1995-09-01 20:00:00,779
1995-09-01 20:05:00,1122
1995-09-01 20:10:00,821
1995-09-01 20:15:00,950
1995-09-01 20:20:00,848
1995-09-01 20:25:00,830
1995-09-01 20:30:00,792
1995-09-01 20:35:00,1067
1995-09-01 20:40:00,746
1995-09-01 20:45:00,597
1995-09-01 20:50:00,951
1995-09-01 20:55:00,920
1995-09-01 21:00:00,924
1995-09-01 21:05:00,805
1995-09-01 21:10:00,911
1995-09-01 21:15:00,1068
1995-09-01 21:20:00,864
1995-09-01 21:25:00,876
1995-09-01 21:30:00,930
1995-09-01 21:35:00,815
1995-09-01 21:40:00,948
1995-09-01 21:45:00,796
1995-09-01 21:50:00,832
1995-09-01 21:55:00,893
1995-09-01 22:00:00,902
1995-09-01 22:05:00,970
1995-09-01 22:10:00,1094
1995-09-01 22:15:00,867
1995-09-01 22:20:00,661
1995-09-01 22:25:00,916
1995-09-01 22:30:00,846
1995-09-01 22:35:00,711
1995-09-01 22:40:00,951
1995-09-01 22:45:00,677
1995-09-01 22:50:00,783
1995-09-01 22:55:00,932
1995-09-01 23:00:00,624
1995-09-01 23:05:00,778
1995-09-01 23:10:00,816
1995-09-01 23:15:00,891
1995-09-01 23:20:00,777
1995-09-01 23:25:00,720
1995-09-01 23:30:00,657
1995-09-01 23:35:00,748
1995-09-01 23:40:00,731
1995-09-01 23:45:00,507
1995-09-01 23:50:00,687
1995-09-01 23:55:00,513
1995-09-02 00:00:00,656
1995-09-02 00:05:00,705
1995-09-02 00:10:00,802
1995-09-02 00:15:00,769
1995-09-02 00:20:00,704
1995-09-02 00:25:00,566
1995-09-02 00:30:00,675
1995-09-02 00:35:00,470
1995-09-02 00:40:00,937
1995-09-02 00:45:00,727
1995-09-02 00:50:00,547
1995-09-02 00:55:00,530
1995-09-02 01:00:00,616
1995-09-02 01:05:00,755
1995-09-02 01:10:00,693
1995-09-02 01:15:00,733
1995-09-02 01:20:00,524
1995-09-02 01:25:00,507
1995-09-02 01:30:00,409
1995-09-02 01:35:00,533
1995-09-02 01:40:00,487
1995-09-02 01:45:00,644
1995-09-02 01:50:00,454
1995-09-02 01:55:00,401
1995-09-02 02:00:00,669
1995-09-02 02:05:00,661
1995-09-02 02:10:00,687
1995-09-02 02:15:00,517
1995-09-02 02:20:00,650
1995-09-02 02:25:00,620
1995-09-02 02:30:00,766
1995-09-02 02:35:00,741
1995-09-02 02:40:00,579
1995-09-02 02:45:00,466
1995-09-02 02:50:00,490
1995-09-02 02:55:00,432
1995-09-02 03:00:00,340
1995-09-02 03:05:00,420
1995-09-02 03:10:00,392
1995-09-02 03:15:00,454
1995-09-02 03:20:00,527
1995-09-02 03:25:00,234
1995-09-02 03:30:00,321
1995-09-02 03:35:00,349
1995-09-02 03:40:00,442
1995-09-02 03:45:00,414
1995-09-02 03:50:00,361
1995-09-02 03:55:00,412
1995-09-02 04:00:00,359
1995-09-02 04:05:00,243
1995-09-02 04:10:00,409
1995-09-02 04:15:00,488
1995-09-02 04:20:00,267
1995-09-02 04:25:00,299
1995-09-02 04:30:00,334
1995-09-02 04:35:00,344
1995-09-02 04:40:00,245
1995-09-02 04:45:00,360
1995-09-02 04:50:00,414
1995-09-02 04:55:00,326
1995-09-02 05:00:00,326
1995-09-02 05:05:00,246
1995-09-02 05:10:00,176
1995-09-02 05:15:00,246
1995-09-02 05:20:00,327
1995-09-02 05:25:00,327
1995-09-02 05:30:00,337
1995-09-02 05:35:00,244
1995-09-02 05:40:00,200
1995-09-02 05:45:00,289
1995-09-02 05:50:00,184
1995-09-02 05:55:00,132
1995-09-02 06:00:00,219
1995-09-02 06:05:00,141
1995-09-02 06:10:00,154
1995-09-02 06:15:00,296
1995-09-02 06:20:00,260
1995-09-02 06:25:00,279
1995-09-02 06:30:00,198
1995-09-02 06:35:00,276
1995-09-02 06:40:00,455
1995-09-02 06:45:00,322
1995-09-02 06:50:00,195
1995-09-02 06:55:00,340
1995-09-02 07:00:00,285
1995-09-02 07:05:00,368
1995-09-02 07:10:00,372
1995-09-02 07:15:00,199
1995-09-02 07:20:00,238
1995-09-02 07:25:00,408
1995-09-02 07:30:00,223
1995-09-02 07:35:00,371
1995-09-02 07:40:00,502
1995-09-02 07:45:00,361
1995-09-02 07:50:00,212
1995-09-02 07:55:00,293
1995-09-02 08:00:00,266
1995-09-02 08:05:00,417
1995-09-02 08:10:00,388
1995-09-02 08:15:00,363
1995-09-02 08:20:00,445
1995-09-02 08:25:00,468
1995-09-02 08:30:00,310
1995-09-02 08:35:00,367
1995-09-02 08:40:00,299
1995-09-02 08:45:00,406
1995-09-02 08:50:00,454
1995-09-02 08:55:00,456
1995-09-02 09:00:00,408
1995-09-02 09:05:00,473
1995-09-02 09:10:00,569
1995-09-02 09:15:00,552
1995-09-02 09:20:00,511
1995-09-02 09:25:00,439
1995-09-02 09:30:00,579
1995-09-02 09:35:00,552
1995-09-02 09:40:00,410
1995-09-02 09:45:00,464
1995-09-02 09:50:00,587
1995-09-02 09:55:00,552
1995-09-02 10:00:00,418
1995-09-02 10:05:00,405
1995-09-02 10:10:00,461
1995-09-02 10:15:00,561
1995-09-02 10:20:00,534
1995-09-02 10:25:00,437
1995-09-02 10:30:00,691
1995-09-02 10:35:00,703
1995-09-02 10:40:00,578
1995-09-02 10:45:00,745
1995-09-02 10:50:00,919
1995-09-02 10:55:00,479
1995-09-02 11:00:00,839
1995-09-02 11:05:00,563
1995-09-02 11:10:00,599
1995-09-02 11:15:00,607
1995-09-02 11:20:00,796
1995-09-02 11:25:00,740
1995-09-02 11:30:00,612
1995-09-02 11:35:00,589
1995-09-02 11:40:00,646
1995-09-02 11:45:00,533
1995-09-02 11:50:00,546
1995-09-02 11:55:00,473
1995-09-02 12:00:00,458
1995-09-02 12:05:00,686
1995-09-02 12:10:00,697
1995-09-02 12:15:00,806
1995-09-02 12:20:00,781
1995-09-02 12:25:00,703
1995-09-02 12:30:00,629
1995-09-02 12:35:00,723
1995-09-02 12:40:00,690
1995-09-02 12:45:00,836
1995-09-02 12:50:00,783
1995-09-02 12:55:00,620
1995-09-02 13:00:00,744
1995-09-02 13:05:00,782
1995-09-02 13:10:00,830
1995-09-02 13:15:00,884
1995-09-02 13:20:00,994
1995-09-02 13:25:00,756
1995-09-02 13:30:00,573
1995-09-02 13:35:00,511
1995-09-02 13:40:00,731
1995-09-02 13:45:00,760
1995-09-02 13:50:00,999
1995-09-02 13:55:00,657
1995-09-02 14:00:00,894
1995-09-02 14:05:00,654
1995-09-02 14:10:00,588
1995-09-02 14:15:00,672
1995-09-02 14:20:00,748
1995-09-02 14:25:00,884
1995-09-02 14:30:00,604
1995-09-02 14:35:00,730
1995-09-02 14:40:00,852
1995-09-02 14:45:00,840
1995-09-02 14:50:00,855
1995-09-02 14:55:00,646
1995-09-02 15:00:00,749
1995-09-02 15:05:00,718
1995-09-02 15:10:00,646
1995-09-02 15:15:00,750
1995-09-02 15:20:00,474
1995-09-02 15:25:00,758
1995-09-02 15:30:00,836
1995-09-02 15:35:00,889
1995-09-02 15:40:00,733
1995-09-02 15:45:00,722
1995-09-02 15:50:00,815
1995-09-02 15:55:00,1029
1995-09-02 16:00:00,900
1995-09-02 16:05:00,945
1995-09-02 16:10:00,922
1995-09-02 16:15:00,934
1995-09-02 16:20:00,919
1995-09-02 16:25:00,817
1995-09-02 16:30:00,725
1995-09-02 16:35:00,800
1995-09-02 16:40:00,512
1995-09-02 16:45:00,796
1995-09-02 16:50:00,867
1995-09-02 16:55:00,714
1995-09-02 17:00:00,747
1995-09-02 17:05:00,773
1995-09-02 17:10:00,670
1995-09-02 17:15:00,751
1995-09-02 17:20:00,856
1995-09-02 17:25:00,1236
1995-09-02 17:30:00,786
1995-09-02 17:35:00,643
1995-09-02 17:40:00,838
1995-09-02 17:45:00,972
1995-09-02 17:50:00,829
1995-09-02 17:55:00,926
1995-09-02 18:00:00,991
1995-09-02 18:05:00,723
1995-09-02 18:10:00,770
1995-09-02 18:15:00,577
1995-09-02 18:20:00,727
1995-09-02 18:25:00,614
1995-09-02 18:30:00,700
1995-09-02 18:35:00,667
1995-09-02 18:40:00,781
1995-09-02 18:45:00,704
1995-09-02 18:50:00,684
1995-09-02 18:55:00,654
1995-09-02 19:00:00,724
1995-09-02 19:05:00,741
1995-09-02 19:10:00,557
1995-09-02 19:15:00,681
1995-09-02 19:20:00,563
1995-09-02 19:25:00,750
1995-09-02 19:30:00,689
1995-09-02 19:35:00,651
1995-09-02 19:40:00,567
1995-09-02 19:45:00,601
1995-09-02 19:50:00,765
1995-09-02 19:55:00,539
1995-09-02 20:00:00,551
1995-09-02 20:05:00,627
1995-09-02 20:10:00,752
1995-09-02 20:15:00,774
1995-09-02 20:20:00,684
1995-09-02 20:25:00,829
1995-09-02 20:30:00,778
1995-09-02 20:35:00,768
1995-09-02 20:40:00,729
1995-09-02 20:45:00,642
1995-09-02 20:50:00,746
1995-09-02 20:55:00,477
1995-09-02 21:00:00,567
1995-09-02 21:05:00,619
1995-09-02 21:10:00,767
1995-09-02 21:15:00,528
1995-09-02 21:20:00,697
1995-09-02 21:25:00,481
1995-09-02 21:30:00,664
1995-09-02 21:35:00,733
1995-09-02 21:40:00,591
1995-09-02 21:45:00,671
1995-09-02 21:50:00,585
1995-09-02 21:55:00,624
1995-09-02 22:00:00,641
1995-09-02 22:05:00,651
1995-09-02 22:10:00,748
1995-09-02 22:15:00,851
1995-09-02 22:20:00,676
1995-09-02 22:25:00,627
1995-09-02 22:30:00,722
1995-09-02 22:35:00,740
1995-09-02 22:40:00,804
1995-09-02 22:45:00,637
1995-09-02 22:50:00,771
1995-09-02 22:55:00,598
1995-09-02 23:00:00,636
1995-09-02 23:05:00,811
1995-09-02 23:10:00,774
1995-09-02 23:15:00,847
1995-09-02 23:20:00,647
1995-09-02 23:25:00,581
1995-09-02 23:30:00,785
1995-09-02 23:35:00,799
1995-09-02 23:40:00,771
1995-09-02 23:45:00,976
1995-09-02 23:50:00,754
1995-09-02 23:55:00,788
1995-09-03 00:00:00,763
1995-09-03 00:05:00,656
1995-09-03 00:10:00,571
1995-09-03 00:15:00,659
1995-09-03 00:20:00,732
1995-09-03 00:25:00,672
1995-09-03 00:30:00,882
1995-09-03 00:35:00,664
1995-09-03 00:40:00,674
1995-09-03 00:45:00,1062
1995-09-03 00:50:00,922
1995-09-03 00:55:00,748
1995-09-03 01:00:00,960
1995-09-03 01:05:00,753
1995-09-03 01:10:00,965
1995-09-03 01:15:00,663
1995-09-03 01:20:00,775
1995-09-03 01:25:00,845
1995-09-03 01:30:00,660
1995-09-03 01:35:00,594
1995-09-03 01:40:00,483
1995-09-03 01:45:00,576
1995-09-03 01:50:00,842
1995-09-03 01:55:00,688
1995-09-03 02:00:00,731
1995-09-03 02:05:00,497
1995-09-03 02:10:00,483
1995-09-03 02:15:00,651
1995-09-03 02:20:00,598
1995-09-03 02:25:00,653
1995-09-03 02:30:00,574
1995-09-03 02:35:00,513
1995-09-03 02:40:00,640
1995-09-03 02:45:00,613
1995-09-03 02:50:00,762
1995-09-03 02:55:00,406
1995-09-03 03:00:00,381
1995-09-03 03:05:00,389
1995-09-03 03:10:00,605
1995-09-03 03:15:00,567
1995-09-03 03:20:00,477
1995-09-03 03:25:00,384
1995-09-03 03:30:00,439
1995-09-03 03:35:00,447
1995-09-03 03:40:00,503
1995-09-03 03:45:00,424
1995-09-03 03:50:00,406
1995-09-03 03:55:00,413
1995-09-03 04:00:00,204
1995-09-03 04:05:00,356
1995-09-03 04:10:00,309
1995-09-03 04:15:00,328
1995-09-03 04:20:00,268
1995-09-03 04:25:00,329
1995-09-03 04:30:00,371
1995-09-03 04:35:00,358
1995-09-03 04:40:00,242
1995-09-03 04:45:00,227
1995-09-03 04:50:00,382
1995-09-03 04:55:00,309
1995-09-03 05:00:00,224
1995-09-03 05:05:00,424
1995-09-03 05:10:00,270
1995-09-03 05:15:00,333
1995-09-03 05:20:00,307
1995-09-03 05:25:00,250
1995-09-03 05:30:00,349
1995-09-03 05:35:00,311
1995-09-03 05:40:00,282
1995-09-03 05:45:00,286
1995-09-03 05:50:00,211
1995-09-03 05:55:00,267
1995-09-03 06:00:00,173
1995-09-03 06:05:00,157
1995-09-03 06:10:00,198
1995-09-03 06:15:00,283
1995-09-03 06:20:00,212
1995-09-03 06:25:00,216
1995-09-03 06:30:00,291
1995-09-03 06:35:00,278
1995-09-03 06:40:00,252
1995-09-03 06:45:00,336
1995-09-03 06:50:00,357
1995-09-03 06:55:00,219
1995-09-03 07:00:00,224
1995-09-03 07:05:00,205
1995-09-03 07:10:00,177
1995-09-03 07:15:00,235
1995-09-03 07:20:00,342
1995-09-03 07:25:00,365
1995-09-03 07:30:00,218
1995-09-03 07:35:00,273
1995-09-03 07:40:00,486
1995-09-03 07:45:00,293
1995-09-03 07:50:00,353
1995-09-03 07:55:00,322
1995-09-03 08:00:00,356
1995-09-03 08:05:00,372
1995-09-03 08:10:00,325
1995-09-03 08:15:00,424
1995-09-03 08:20:00,286
1995-09-03 08:25:00,342
1995-09-03 08:30:00,361
1995-09-03 08:35:00,372
1995-09-03 08:40:00,311
1995-09-03 08:45:00,242
1995-09-03 08:50:00,267
1995-09-03 08:55:00,312
1995-09-03 09:00:00,301
1995-09-03 09:05:00,345
1995-09-03 09:10:00,596
1995-09-03 09:15:00,399
1995-09-03 09:20:00,547
1995-09-03 09:25:00,405
1995-09-03 09:30:00,478
1995-09-03 09:35:00,454
1995-09-03 09:40:00,352
1995-09-03 09:45:00,521
1995-09-03 09:50:00,568
1995-09-03 09:55:00,420
1995-09-03 10:00:00,397
1995-09-03 10:05:00,417
1995-09-03 10:10:00,531
1995-09-03 10:15:00,485
1995-09-03 10:20:00,367
1995-09-03 10:25:00,408
1995-09-03 10:30:00,532
1995-09-03 10:35:00,413
1995-09-03 10:40:00,523
1995-09-03 10:45:00,632
1995-09-03 10:50:00,433
1995-09-03 10:55:00,567
1995-09-03 11:00:00,639
1995-09-03 11:05:00,416
1995-09-03 11:10:00,494
1995-09-03 11:15:00,561
1995-09-03 11:20:00,516
1995-09-03 11:25:00,618
1995-09-03 11:30:00,480
1995-09-03 11:35:00,622
1995-09-03 11:40:00,652
1995-09-03 11:45:00,590
1995-09-03 11:50:00,480
1995-09-03 11:55:00,453
1995-09-03 12:00:00,457
1995-09-03 12:05:00,469
1995-09-03 12:10:00,497
1995-09-03 12:15:00,616
1995-09-03 12:20:00,514
1995-09-03 12:25:00,605
1995-09-03 12:30:00,600
1995-09-03 12:35:00,603
1995-09-03 12:40:00,685
1995-09-03 12:45:00,577
1995-09-03 12:50:00,648
1995-09-03 12:55:00,683
1995-09-03 13:00:00,690
1995-09-03 13:05:00,669
1995-09-03 13:10:00,607
1995-09-03 13:15:00,610
1995-09-03 13:20:00,638
1995-09-03 13:25:00,582
1995-09-03 13:30:00,594
1995-09-03 13:35:00,669
1995-09-03 13:40:00,601
1995-09-03 13:45:00,465
1995-09-03 13:50:00,627
1995-09-03 13:55:00,541
1995-09-03 14:00:00,625
1995-09-03 14:05:00,434
1995-09-03 14:10:00,586
1995-09-03 14:15:00,816
1995-09-03 14:20:00,639
1995-09-03 14:25:00,608
1995-09-03 14:30:00,702
1995-09-03 14:35:00,600
1995-09-03 14:40:00,474
1995-09-03 14:45:00,750
1995-09-03 14:50:00,698
1995-09-03 14:55:00,939
1995-09-03 15:00:00,731
1995-09-03 15:05:00,642
1995-09-03 15:10:00,733
1995-09-03 15:15:00,765
1995-09-03 15:20:00,835
1995-09-03 15:25:00,935
1995-09-03 15:30:00,712
1995-09-03 15:35:00,659
1995-09-03 15:40:00,744
1995-09-03 15:45:00,571
1995-09-03 15:50:00,613
1995-09-03 15:55:00,652
1995-09-03 16:00:00,625
1995-09-03 16:05:00,717
1995-09-03 16:10:00,763
1995-09-03 16:15:00,631
1995-09-03 16:20:00,752
1995-09-03 16:25:00,618
1995-09-03 16:30:00,709
1995-09-03 16:35:00,697
1995-09-03 16:40:00,691
1995-09-03 16:45:00,700
1995-09-03 16:50:00,630
1995-09-03 16:55:00,579
1995-09-03 17:00:00,750
1995-09-03 17:05:00,753
1995-09-03 17:10:00,725
1995-09-03 17:15:00,822
1995-09-03 17:20:00,698
1995-09-03 17:25:00,658
1995-09-03 17:30:00,664
1995-09-03 17:35:00,643
1995-09-03 17:40:00,753
1995-09-03 17:45:00,702
1995-09-03 17:50:00,710
1995-09-03 17:55:00,667
1995-09-03 18:00:00,592
1995-09-03 18:05:00,722
1995-09-03 18:10:00,856
1995-09-03 18:15:00,727
1995-09-03 18:20:00,778
1995-09-03 18:25:00,824
1995-09-03 18:30:00,702
1995-09-03 18:35:00,654
1995-09-03 18:40:00,670
1995-09-03 18:45:00,720
1995-09-03 18:50:00,522
1995-09-03 18:55:00,559
1995-09-03 19:00:00,726
1995-09-03 19:05:00,514
1995-09-03 19:10:00,605
1995-09-03 19:15:00,604
1995-09-03 19:20:00,715
1995-09-03 19:25:00,550
1995-09-03 19:30:00,664
1995-09-03 19:35:00,732
1995-09-03 19:40:00,686
1995-09-03 19:45:00,551
1995-09-03 19:50:00,581
1995-09-03 19:55:00,533
1995-09-03 20:00:00,564
1995-09-03 20:05:00,665
1995-09-03 20:10:00,652
1995-09-03 20:15:00,807
1995-09-03 20:20:00,698
1995-09-03 20:25:00,534
1995-09-03 20:30:00,633
1995-09-03 20:35:00,672
1995-09-03 20:40:00,567
1995-09-03 20:45:00,598
1995-09-03 20:50:00,649
1995-09-03 20:55:00,855
1995-09-03 21:00:00,659
1995-09-03 21:05:00,806
1995-09-03 21:10:00,813
1995-09-03 21:15:00,613
1995-09-03 21:20:00,674
1995-09-03 21:25:00,744
1995-09-03 21:30:00,732
1995-09-03 21:35:00,672
1995-09-03 21:40:00,627
1995-09-03 21:45:00,613
1995-09-03 21:50:00,593
1995-09-03 21:55:00,727
1995-09-03 22:00:00,862
1995-09-03 22:05:00,892
1995-09-03 22:10:00,632
1995-09-03 22:15:00,839
1995-09-03 22:20:00,583
1995-09-03 22:25:00,649
1995-09-03 22:30:00,928
1995-09-03 22:35:00,756
1995-09-03 22:40:00,849
1995-09-03 22:45:00,753
1995-09-03 22:50:00,678
1995-09-03 22:55:00,704
1995-09-03 23:00:00,789
1995-09-03 23:05:00,702
1995-09-03 23:10:00,704
1995-09-03 23:15:00,703
1995-09-03 23:20:00,688
1995-09-03 23:25:00,801
1995-09-03 23:30:00,672
1995-09-03 23:35:00,886
1995-09-03 23:40:00,698
1995-09-03 23:45:00,784
1995-09-03 23:50:00,706
1995-09-03 23:55:00,696
